dataset; method; num_of_feat; num_of_elems; accuracy; balanced_acc; precision; recall; f1_score; tpr_fpr_tnr; matrix; scores
MUSHROOM; NO SELECTION; 22; 4607; 0.9819407128986345; 0.9903057419835943; 0.7914786967418547; 1.0; 0.8836038052602128; (1.0,0.019388516032811335,0.9806114839671887); [[157.9,41.6],[0.,2104.]]; ['all']
MUSHROOM; ANOVA; 5; 4607; 0.9808554926846625; 0.9850486420264216; 0.7869674185463659; 0.9899117276166457; 0.8768500418877408; (0.9899117276166457,0.019814443563802506,0.9801855564361975); [[1.5700e+02,4.2500e+01],[1.6000e+00,2.1024e+03]]; [3,7,8,10,18]
MUSHROOM; RELIEF; 5; 4607; 0.9937920458520286; 0.9966246518434594; 0.9283208020050124; 1.0; 0.9628281778008837; (1.0,0.0067506963130812446,0.9932493036869187); [[185.2,14.3],[0.,2104.]]; [4,10,18,20,21]
MUSHROOM; INFORATION GAIN; 5; 4607; 0.9825050243945095; 0.9906029939840507; 0.7979949874686716; 1.0; 0.8876498466685252; (1.0,0.018794012031898517,0.9812059879681014); [[159.2,40.3],[0.,2104.]]; [4,8,11,18,19]
MUSHROOM; CHI SQUARE; 5; 4607; 0.9803344708894194; 0.9847361488500135; 0.7809523809523811; 0.9898348157560356; 0.8730736901092745; (0.9898348157560356,0.020362518056008576,0.9796374819439915); [[1.5580e+02,4.3700e+01],[1.6000e+00,2.1024e+03]]; [3,6,7,8,18]
MUSHROOM; CORRELATION COEF; 5; 4607; 0.9847623080703913; 0.9917956149782619; 0.8240601503759398; 1.0; 0.9035449299258037; (1.0,0.01640877004347623,0.9835912299565238); [[164.4,35.1],[0.,2104.]]; [6,16,18,19,21]
CUSTOM; NO SELECTION; 20; 99999; 0.9866838665573312; 0.9863419955302494; 0.8798245614035087; 0.9859255618605067; 0.9298581993636881; (0.9859255618605067,0.013241570800007907,0.986758429199992); [[4413.2,602.8],[63.,44920.5]]; ['all']
CUSTOM; ANOVA; 5; 99999; 0.9842918423568472; 0.9627724827651687; 0.9052432216905901; 0.9360724004287951; 0.9203997243280496; (0.9360724004287951,0.010527434898457762,0.9894725651015421); [[4540.7,475.3],[310.1,44673.4]]; [3,11,13,14,16]
